City_ID,City,Country,Date,Lat,Lng,Max Temp,Humidity,Cloudiness,Wind Speed
0,Hilo,US,2021-02-03 21:13:43,19.7297,-155.09,82.4,42,1,19.57
1,Goderich,CA,2021-02-03 21:13:44,43.7501,-81.7165,30.2,69,0,11.5
2,Whitehorse,CA,2021-02-03 21:13:44,60.7161,-135.0538,-2.99,71,75,6.91
3,Ternate,ID,2021-02-03 21:13:44,0.8,127.4,79.43,82,85,6.02
4,Tazovskiy,RU,2021-02-03 21:13:45,67.4667,78.7,-8.05,91,100,6.67
5,Namibe,AO,2021-02-03 21:13:45,-15.1961,12.1522,72.99,69,98,8.84
6,Prince Rupert,CA,2021-02-03 21:11:10,54.3161,-130.3201,39.2,93,90,8.05
7,Punta Arenas,CL,2021-02-03 21:13:46,-53.15,-70.9167,64.4,59,75,18.41
8,North Bend,US,2021-02-03 21:13:46,43.4065,-124.2243,48.2,87,40,5.75
9,Kapaa,US,2021-02-03 21:09:45,22.0752,-159.319,68.0,88,90,9.22
10,Albany,US,2021-02-03 21:10:08,42.6001,-73.9662,30.99,67,100,7.0
11,Coihaique,CL,2021-02-03 21:13:48,-45.5752,-72.0662,87.8,29,0,11.5
12,Arraial Do Cabo,BR,2021-02-03 21:13:48,-22.9661,-42.0278,84.2,78,0,21.85
13,Atuona,PF,2021-02-03 21:13:49,-9.8,-139.0333,77.95,72,1,11.83
14,Ushuaia,AR,2021-02-03 21:13:49,-54.8,-68.3,53.6,54,75,12.66
15,Butaritari,KI,2021-02-03 21:13:49,3.0707,172.7902,81.48,84,77,18.25
16,Bluff,NZ,2021-02-03 21:13:50,-46.6,168.3333,53.26,67,49,15.37
17,Lluta,PE,2021-02-03 21:13:50,-16.0147,-72.0142,60.8,59,75,8.05
18,Balikpapan,ID,2021-02-03 21:13:50,-1.2675,116.8289,75.04,94,100,3.33
19,Key West,US,2021-02-03 21:13:50,24.5557,-81.7826,66.2,63,1,9.22
20,Jamestown,US,2021-02-03 21:12:57,42.097,-79.2353,30.99,69,1,11.5
21,Mahebourg,MU,2021-02-03 21:12:38,-20.4081,57.7,75.2,88,75,11.88
22,Marzuq,YE,2021-02-03 21:13:51,14.4,46.4667,57.4,36,0,1.39
23,Svetlogorsk,BY,2021-02-03 21:13:51,52.6333,29.7333,33.76,98,100,6.04
24,Thompson,CA,2021-02-03 21:13:51,55.7435,-97.8558,3.2,78,90,13.8
25,Khatanga,RU,2021-02-03 21:13:51,71.9667,102.5,-5.89,91,100,9.26
26,Tasiilaq,GL,2021-02-03 21:13:52,65.6145,-37.6368,27.41,97,94,28.25
27,Kismayo,SO,2021-02-03 21:13:52,-0.3582,42.5454,75.85,83,100,13.06
28,Mareeba,AU,2021-02-03 21:13:53,-17.0,145.4333,73.4,94,87,4.61
29,Saint-Philippe,RE,2021-02-03 21:13:53,-21.3585,55.7679,78.8,73,0,2.3
30,Kavaratti,IN,2021-02-03 21:10:58,10.5669,72.642,81.09,62,66,3.06
31,Kodiak,US,2021-02-03 21:13:54,57.79,-152.4072,33.8,80,1,3.44
32,Bebedouro,BR,2021-02-03 21:13:54,-20.9494,-48.4792,81.27,75,61,4.81
33,Carnarvon,AU,2021-02-03 21:11:08,-24.8667,113.6333,77.0,87,90,19.57
34,Mataura,NZ,2021-02-03 21:13:54,-46.1927,168.8643,54.48,59,53,6.49
35,Rikitea,PF,2021-02-03 21:13:55,-23.1203,-134.9692,77.77,71,0,12.37
36,Hofn,IS,2021-02-03 21:13:55,64.2539,-15.2082,32.11,92,100,14.23
37,Ixtapa,MX,2021-02-03 21:13:55,20.7,-105.2,75.2,78,1,9.22
38,Meulaboh,ID,2021-02-03 21:13:21,4.1363,96.1285,76.87,88,89,4.27
39,Hobart,AU,2021-02-03 21:13:07,-42.8794,147.3294,59.0,100,90,1.14
40,Ciudad Bolivar,VE,2021-02-03 21:13:56,8.1222,-63.5497,91.89,45,89,10.49
41,Hithadhoo,MV,2021-02-03 21:13:56,-0.6,73.0833,82.96,71,88,6.53
42,Nador,MA,2021-02-03 21:13:56,35.174,-2.9287,59.0,67,0,2.3
43,Yellowknife,CA,2021-02-03 21:12:01,62.456,-114.3525,-15.0,69,90,6.91
44,Hermanus,ZA,2021-02-03 21:13:56,-34.4187,19.2345,62.01,88,1,4.79
45,Cidreira,BR,2021-02-03 21:13:57,-30.1811,-50.2056,78.84,85,100,13.91
46,Port Elizabeth,ZA,2021-02-03 21:13:57,-33.918,25.5701,68.0,94,40,9.22
47,Vaini,TO,2021-02-03 21:13:57,-21.2,-175.2,80.6,89,75,2.3
48,Liverpool,GB,2021-02-03 21:09:37,53.4106,-2.9779,44.01,93,75,4.61
49,Georgetown,MY,2021-02-03 21:11:11,5.4112,100.3354,78.8,78,20,3.44
50,Usinsk,RU,2021-02-03 21:13:58,65.9939,57.5281,3.63,94,100,8.41
51,Aklavik,CA,2021-02-03 21:13:58,68.2191,-135.0107,-38.2,67,1,2.3
52,Mehamn,NO,2021-02-03 21:13:59,71.0357,27.8492,30.2,69,90,26.46
53,La Ronge,CA,2021-02-03 21:13:59,55.1001,-105.2842,6.8,78,100,11.5
54,Bafra,TR,2021-02-03 21:13:59,41.5678,35.9069,51.01,74,95,3.4
55,Husavik,IS,2021-02-03 21:13:59,66.0449,-17.3389,14.0,79,0,10.36
56,Luderitz,NA,2021-02-03 21:13:59,-26.6481,15.1594,66.42,75,0,13.11
57,Strezhevoy,RU,2021-02-03 21:14:00,60.7333,77.5889,12.2,85,90,4.47
58,Nouadhibou,MR,2021-02-03 21:14:00,20.931,-17.0347,62.6,94,10,20.71
59,Port Alfred,ZA,2021-02-03 21:14:00,-33.5906,26.891,69.01,93,1,1.99
60,Taoudenni,ML,2021-02-03 21:14:01,22.6783,-3.9836,73.8,19,63,9.86
61,Morondava,MG,2021-02-03 21:14:01,-20.2833,44.2833,84.11,83,81,5.91
62,Victoria,HK,2021-02-03 21:10:15,22.2855,114.1577,64.0,73,2,11.72
63,Mount Gambier,AU,2021-02-03 21:13:42,-37.8333,140.7667,59.0,82,98,8.05
64,Neiafu,TO,2021-02-03 21:14:02,-18.65,-173.9833,82.4,83,75,10.36
65,Sinnamary,GF,2021-02-03 21:14:02,5.3833,-52.95,78.73,83,100,16.96
66,Ketchikan,US,2021-02-03 21:14:03,55.3422,-131.6461,37.4,100,90,5.75
67,Barrow,US,2021-02-03 21:14:03,71.2906,-156.7887,-23.8,69,1,12.66
68,Znojmo,CZ,2021-02-03 21:14:04,48.8555,16.0488,44.01,89,70,8.01
69,East London,ZA,2021-02-03 21:14:04,-33.0153,27.9116,76.68,81,0,5.61
70,Virginia Beach,US,2021-02-03 21:10:53,36.8529,-75.978,43.0,54,100,17.56
71,Independence,US,2021-02-03 21:14:05,39.0911,-94.4155,57.2,47,1,16.11
72,Tigil,RU,2021-02-03 21:14:05,57.8,158.6667,5.65,91,78,0.81
73,Busselton,AU,2021-02-03 21:14:05,-33.65,115.3333,50.0,83,0,16.67
74,Avarua,CK,2021-02-03 21:14:05,-21.2078,-159.775,84.2,74,40,9.22
75,Kushiro,JP,2021-02-03 21:13:28,42.975,144.3747,12.72,85,7,17.81
76,Talnakh,RU,2021-02-03 21:14:06,69.4865,88.3972,-17.07,86,100,3.31
77,Scarborough,GB,2021-02-03 21:14:06,54.2797,-0.4044,39.0,96,100,4.0
78,Crossville,US,2021-02-03 21:09:43,35.949,-85.0269,43.0,41,1,5.68
79,Ahipara,NZ,2021-02-03 21:14:06,-35.1667,173.1667,69.33,57,100,1.61
80,Cherskiy,RU,2021-02-03 21:14:07,68.75,161.3,10.47,84,100,6.96
81,Los Llanos De Aridane,ES,2021-02-03 21:14:07,28.6585,-17.9182,64.4,77,75,4.61
82,Kindu,CD,2021-02-03 21:14:07,-2.95,25.95,72.48,95,100,3.36
83,Severo-Kurilsk,RU,2021-02-03 21:14:08,50.6789,156.125,10.94,93,100,33.42
84,Ribeira Grande,PT,2021-02-03 21:14:08,38.5167,-28.7,53.6,66,40,20.71
85,Coquimbo,CL,2021-02-03 21:14:08,-29.9533,-71.3436,64.4,72,20,11.5
86,Gibara,CU,2021-02-03 21:14:08,21.1097,-76.1317,75.2,46,20,12.66
87,Tumut,AU,2021-02-03 21:14:09,-35.3,148.2167,68.0,68,6,8.05
88,Zhigansk,RU,2021-02-03 21:11:57,66.7697,123.3711,-37.95,80,96,11.03
89,Bredasdorp,ZA,2021-02-03 21:14:09,-34.5322,20.0403,59.0,82,0,4.61
90,Bowen,AU,2021-02-03 21:14:10,-20.0167,148.2333,71.6,94,7,7.4
91,Airai,TL,2021-02-03 21:14:10,-8.9266,125.4092,61.61,100,99,5.1
92,Iqaluit,CA,2021-02-03 21:14:10,63.7506,-68.5145,-5.8,71,90,3.44
93,Pouebo,NC,2021-02-03 21:14:10,-20.4,164.5667,77.22,83,68,11.97
94,Rio Gallegos,AR,2021-02-03 21:13:19,-51.6226,-69.2181,73.4,43,40,25.32
95,Castro,BR,2021-02-03 21:14:11,-24.7911,-50.0119,77.74,83,10,2.42
96,Norman Wells,CA,2021-02-03 21:14:11,65.282,-126.8329,-34.6,67,75,8.05
97,Chokurdakh,RU,2021-02-03 21:14:11,70.6333,147.9167,-1.39,92,99,10.49
98,Shimanovsk,RU,2021-02-03 21:14:11,52.0,127.7,-29.04,83,0,5.61
99,Smithers,CA,2021-02-03 21:09:41,54.7804,-127.1743,23.0,74,90,9.22
100,Bonavista,CA,2021-02-03 21:14:12,48.6499,-53.1147,39.99,100,100,5.75
101,Poum,NC,2021-02-03 21:14:12,-20.2333,164.0167,79.18,82,60,20.67
102,Tuatapere,NZ,2021-02-03 21:14:12,-46.1333,167.6833,53.19,69,20,6.46
103,Soke,ML,2021-02-03 21:14:12,13.598,-5.9386,76.68,15,20,6.67
104,Port Lincoln,AU,2021-02-03 21:14:13,-34.7333,135.8667,64.49,69,100,9.78
105,General Roca,AR,2021-02-03 21:14:13,-39.0333,-67.5833,93.2,21,0,4.61
106,Nikolskoye,RU,2021-02-03 21:14:14,59.7035,30.7861,21.0,93,75,13.42
107,Preobrazheniye,RU,2021-02-03 21:14:14,42.9019,133.9064,0.59,85,0,9.95
108,San Quintin,MX,2021-02-03 21:14:14,30.4833,-115.95,64.33,71,44,15.68
109,Hamilton,US,2021-02-03 21:13:28,39.1834,-84.5333,37.0,55,20,8.05
110,Acarau,BR,2021-02-03 21:14:15,-2.8856,-40.12,82.0,71,46,17.52
111,Salalah,OM,2021-02-03 21:14:15,17.0151,54.0924,69.8,56,0,3.44
112,Seoul,KR,2021-02-03 21:10:04,37.5683,126.9778,24.8,49,0,11.5
113,Hadsten,DK,2021-02-03 21:14:16,56.3282,10.0493,28.4,86,90,13.8
114,Northam,GB,2021-02-03 21:14:16,51.0333,-4.2167,45.0,92,0,3.0
115,Port Hardy,CA,2021-02-03 21:14:16,50.6996,-127.4199,41.0,93,90,4.61
116,Vila Velha,BR,2021-02-03 21:14:17,-20.3297,-40.2925,81.0,74,0,16.11
117,Folldal,NO,2021-02-03 21:14:17,62.1325,9.9968,-4.31,87,69,2.44
118,Lufilufi,WS,2021-02-03 21:14:18,-13.8745,-171.5986,78.8,94,90,8.05
119,Camana,PE,2021-02-03 21:14:18,-16.6228,-72.7111,73.8,68,100,7.52
120,Atar,MR,2021-02-03 21:14:18,20.5169,-13.0499,70.81,21,0,0.51
121,Cayenne,GF,2021-02-03 21:14:18,4.9333,-52.3333,82.4,78,75,14.97
122,Dabat,ET,2021-02-03 21:14:19,12.9842,37.765,52.39,41,18,3.0
123,Nosy Varika,MG,2021-02-03 21:14:19,-20.5833,48.5333,77.07,88,33,4.43
124,Malibu,US,2021-02-03 21:14:19,34.005,-118.8101,61.0,74,100,3.0
125,Hami,CN,2021-02-03 21:14:19,42.8,93.45,23.97,84,13,1.54
126,Ilulissat,GL,2021-02-03 21:14:20,69.2167,-51.1,-5.8,45,20,6.91
127,Sao Francisco Do Sul,BR,2021-02-03 21:14:20,-26.2433,-48.6381,87.01,10,44,7.47
128,Swift Current,CA,2021-02-03 21:14:20,50.2834,-107.8014,-0.4,78,90,26.46
129,Visby,SE,2021-02-03 21:14:20,57.6409,18.296,28.4,64,90,3.44
130,Kahului,US,2021-02-03 21:14:21,20.8947,-156.47,72.0,83,90,17.27
131,Batagay-Alyta,RU,2021-02-03 21:14:22,67.8006,130.4114,-39.37,75,0,1.86
132,Oriximina,BR,2021-02-03 21:14:22,-1.7656,-55.8661,88.36,56,30,4.23
133,Saint George,US,2021-02-03 21:14:15,37.1041,-113.5841,66.0,34,1,6.91
134,Birao,CF,2021-02-03 21:14:23,10.2849,22.7882,81.46,21,0,3.56
135,Dingle,PH,2021-02-03 21:14:23,10.9995,122.6711,74.03,92,97,9.46
136,Koygorodok,RU,2021-02-03 21:14:23,60.445,50.9968,10.58,96,100,4.52
137,Tottori,JP,2021-02-03 21:14:24,35.5,134.2333,34.3,86,1,10.71
138,Klaksvik,FO,2021-02-03 21:14:24,62.2266,-6.589,32.0,80,4,4.61
139,Esperance,AU,2021-02-03 21:14:24,-33.8667,121.9,57.2,58,75,13.8
140,Bathsheba,BB,2021-02-03 21:14:24,13.2167,-59.5167,80.6,65,40,24.16
141,Puerto Ayora,EC,2021-02-03 21:14:24,-0.7393,-90.3518,86.0,66,0,19.57
142,Enid,US,2021-02-03 21:12:30,36.3956,-97.8784,60.8,41,1,14.97
143,Lebu,CL,2021-02-03 21:14:25,-37.6167,-73.65,63.14,72,0,12.95
144,Riyadh,SA,2021-02-03 21:13:56,24.6877,46.7219,68.0,28,0,5.75
145,Pauini,BR,2021-02-03 21:14:27,-7.7136,-66.9764,83.61,71,56,4.16
146,Fortuna,US,2021-02-03 21:14:27,40.5982,-124.1573,52.0,66,20,11.5
147,Ust-Kuyga,RU,2021-02-03 21:14:27,70.0167,135.6,-34.11,78,100,4.34
148,Koboko,UG,2021-02-03 21:14:28,3.4136,30.9599,73.02,34,4,5.21
149,Mar Del Plata,AR,2021-02-03 21:12:23,-38.0023,-57.5575,69.8,68,20,11.5
150,Saint Anthony,US,2021-02-03 21:14:28,45.0205,-93.218,37.4,64,1,20.71
151,Quibdo,CO,2021-02-03 21:12:19,5.6947,-76.6611,87.28,69,84,3.31
152,Ponta Do Sol,PT,2021-02-03 21:14:29,32.6667,-17.1,55.0,59,64,5.01
153,Bethel,US,2021-02-03 21:14:29,41.3712,-73.414,33.8,55,90,12.66
154,Laguna,US,2021-02-03 21:14:29,38.421,-121.4238,57.0,62,20,10.36
155,Methoni,GR,2021-02-03 21:14:30,36.8197,21.7049,55.99,93,0,4.61
156,Codrington,AU,2021-02-03 21:14:30,-38.2667,141.9667,60.91,69,99,8.05
157,Grand Bank,CA,2021-02-03 21:14:30,47.0999,-55.765,42.8,100,90,17.27
158,Chuy,UY,2021-02-03 21:14:30,-33.6971,-53.4616,70.48,96,100,18.52
159,Gat,IL,2021-02-03 21:14:31,31.61,34.7642,66.0,56,0,4.0
160,Anadyr,RU,2021-02-03 21:14:31,64.75,177.4833,1.4,78,75,33.55
161,Mackay,AU,2021-02-03 21:12:32,-21.15,149.2,75.0,94,40,5.75
162,Torbay,CA,2021-02-03 21:14:31,47.6666,-52.7314,41.0,100,90,24.16
163,Kaitangata,NZ,2021-02-03 21:14:32,-46.2817,169.8464,54.0,61,61,11.01
164,Saldanha,ZA,2021-02-03 21:14:32,-33.0117,17.9442,66.2,82,0,11.5
165,Viedma,AR,2021-02-03 21:10:31,-40.8135,-62.9967,88.0,33,0,12.62
166,Tiksi,RU,2021-02-03 21:14:33,71.6872,128.8694,-28.05,84,47,1.61
167,Bambous Virieux,MU,2021-02-03 21:14:33,-20.3428,57.7575,78.01,88,75,11.68
168,Vera Cruz,BR,2021-02-03 21:14:34,-12.6333,-41.0333,81.1,56,20,4.0
169,Estelle,US,2021-02-03 21:14:34,29.8458,-90.1067,61.0,54,40,6.91
170,Maldonado,UY,2021-02-03 21:10:20,-34.6667,-54.9167,71.01,100,90,10.36
171,Nantucket,US,2021-02-03 21:14:35,41.2835,-70.0995,34.0,80,90,6.91
172,Asprovalta,GR,2021-02-03 21:14:35,40.7167,23.7,48.0,79,12,1.01
173,Sandviken,SE,2021-02-03 21:14:35,60.6167,16.7667,14.0,75,46,11.01
174,Longyearbyen,SJ,2021-02-03 21:14:36,78.2186,15.6401,23.0,74,75,12.66
175,Taltal,CL,2021-02-03 21:14:36,-25.4,-70.4833,71.42,56,65,8.01
176,Nampula,MZ,2021-02-03 21:14:36,-15.1165,39.2666,80.6,74,0,6.91
177,Zavyalovo,RU,2021-02-03 21:14:36,54.5053,82.4484,24.8,93,90,8.95
178,Upernavik,GL,2021-02-03 21:14:37,72.7868,-56.1549,-14.62,70,17,5.48
179,Cape Town,ZA,2021-02-03 21:11:29,-33.9258,18.4232,69.01,77,20,16.11
180,Kruisfontein,ZA,2021-02-03 21:14:37,-34.0033,24.7314,71.01,81,6,1.99
181,Bilibino,RU,2021-02-03 21:14:38,68.0546,166.4372,-1.64,82,97,8.37
182,Turukhansk,RU,2021-02-03 21:14:38,65.8167,87.9833,-6.48,92,99,4.68
183,Diu,IN,2021-02-03 21:14:38,20.7141,70.9822,69.67,46,0,10.0
184,Inuvik,CA,2021-02-03 21:14:39,68.3499,-133.7218,-38.2,67,85,2.3
185,Bengkulu,ID,2021-02-03 21:14:39,-3.8004,102.2655,75.27,85,100,5.46
186,Bose,IT,2021-02-03 21:14:39,45.4612,8.0137,44.01,98,64,1.1
187,Komsomolskiy,UZ,2021-02-03 21:10:32,40.4272,71.7189,35.6,75,0,9.22
188,Vostok,RU,2021-02-03 21:14:40,46.4856,135.8833,-22.68,87,100,5.03
189,Coolum Beach,AU,2021-02-03 21:14:40,-26.5333,153.1,73.0,87,32,1.99
190,Bubaque,GW,2021-02-03 21:14:41,11.2833,-15.8333,78.49,65,31,14.79
191,San Cristobal,VE,2021-02-03 21:12:17,7.7669,-72.225,87.8,51,40,11.5
192,Dikson,RU,2021-02-03 21:14:41,73.5069,80.5464,-3.42,91,100,16.06
193,Burnie,AU,2021-02-03 21:14:42,-41.0667,145.9167,59.0,84,40,2.13
194,Ariquemes,BR,2021-02-03 21:10:25,-9.9133,-63.0408,84.06,88,52,1.03
195,Manavalakurichi,IN,2021-02-03 21:14:42,8.1333,77.3,80.6,83,20,9.84
196,Fukue,JP,2021-02-03 21:14:42,32.6881,128.8419,52.5,68,48,19.93
197,New Norfolk,AU,2021-02-03 21:14:43,-42.7826,147.0587,59.0,92,75,1.97
198,Smoky Lake,CA,2021-02-03 21:14:43,54.1169,-112.4686,-0.4,71,100,9.22
199,Tocopilla,CL,2021-02-03 21:14:43,-22.092,-70.1979,73.33,53,88,10.11
200,Gobabis,NA,2021-02-03 21:11:16,-22.45,18.9667,74.77,31,82,9.8
201,Ponta Delgada,PT,2021-02-03 21:14:44,37.7333,-25.6667,53.6,66,40,9.22
202,Skibbereen,IE,2021-02-03 21:14:44,51.55,-9.2667,44.6,87,75,20.71
203,Leningradskiy,RU,2021-02-03 21:14:44,69.3833,178.4167,-24.56,84,65,11.14
204,Along,IN,2021-02-03 21:14:45,28.1667,94.7667,50.11,57,9,2.24
205,Charters Towers,AU,2021-02-03 21:14:45,-20.1,146.2667,73.4,87,62,9.95
206,Mutoko,ZW,2021-02-03 21:14:45,-17.397,32.2268,65.55,100,99,2.51
207,Gladstone,AU,2021-02-03 21:14:46,-23.85,151.25,75.2,78,30,5.75
208,Manono,CD,2021-02-03 21:14:46,-7.3,27.4167,71.1,93,100,3.85
209,Arlit,NE,2021-02-03 21:14:46,18.7369,7.3853,68.0,23,0,7.9
210,Mahibadhoo,MV,2021-02-03 21:14:46,3.7833,72.9667,81.54,77,100,20.67
211,Ola,RU,2021-02-03 21:14:47,59.5833,151.2833,-5.24,84,65,15.39
212,Winslow,US,2021-02-03 21:14:47,35.0242,-110.6974,66.99,34,20,20.71
213,Altamira,BR,2021-02-03 21:14:47,-3.2033,-52.2064,91.4,55,40,5.75
214,Tahoua,NE,2021-02-03 21:14:47,14.8888,5.2692,74.43,17,0,11.81
215,Guilin,CN,2021-02-03 21:10:26,25.2819,110.2864,55.4,88,20,2.24
216,Trairi,BR,2021-02-03 21:14:48,-3.2778,-39.2689,80.94,74,21,10.49
217,Southbridge,US,2021-02-03 21:14:48,42.0751,-72.0334,32.0,61,100,5.01
218,Praia,CV,2021-02-03 21:14:48,14.9215,-23.5087,71.6,78,0,17.27
219,Khorramshahr,IR,2021-02-03 21:14:49,30.4397,48.1664,59.0,58,0,0.63
220,Vrangel,RU,2021-02-03 21:14:49,42.7297,133.0839,3.04,88,0,11.27
221,Nokaneng,BW,2021-02-03 21:14:49,-19.6667,22.2667,71.58,89,100,1.74
222,Lock Haven,US,2021-02-03 21:14:50,41.137,-77.4469,37.4,48,75,14.97
223,Beringovskiy,RU,2021-02-03 21:14:50,63.05,179.3167,4.44,94,100,12.64
224,Baghdad,IQ,2021-02-03 21:11:03,33.3406,44.4009,53.6,62,8,2.3
225,Qeshm,IR,2021-02-03 21:13:06,26.9581,56.2719,59.0,72,0,6.91
226,Dunedin,NZ,2021-02-03 21:14:51,-45.8742,170.5036,54.0,64,89,8.99
227,Danjiangkou,CN,2021-02-03 21:14:51,32.5428,111.5086,41.27,56,2,2.08
228,Salamiyah,SY,2021-02-03 21:14:52,35.0113,37.0532,53.82,57,98,10.04
229,Price,US,2021-02-03 21:14:52,39.5994,-110.8107,37.4,93,90,9.22
230,Saint-Jacques,CA,2021-02-03 21:14:52,45.9501,-73.5659,33.8,64,100,9.22
231,Kongolo,CD,2021-02-03 21:14:53,-5.3833,27.0,71.73,93,100,1.7
232,Chumikan,RU,2021-02-03 21:14:54,54.7183,135.315,-23.51,77,12,23.2
233,Halifax,CA,2021-02-03 21:11:34,44.6453,-63.5724,42.01,93,75,5.75
234,Antalaha,MG,2021-02-03 21:14:54,-14.9003,50.2788,76.87,87,49,5.64
235,Guerrero Negro,MX,2021-02-03 21:14:55,27.9769,-114.0611,69.91,56,69,14.61
236,Lavrentiya,RU,2021-02-03 21:14:55,65.5833,-171.0,-12.35,81,0,15.35
237,Stokmarknes,NO,2021-02-03 21:14:55,68.5646,14.9108,26.6,100,40,5.75
238,Bilma,NE,2021-02-03 21:14:56,18.6853,12.9164,66.24,26,0,14.32
239,Chernyshevskiy,RU,2021-02-03 21:14:56,63.0128,112.4714,-27.99,86,100,3.11
240,Pangnirtung,CA,2021-02-03 21:14:57,66.1451,-65.7125,-13.0,64,20,5.75
241,Pontianak,ID,2021-02-03 21:14:57,-0.0333,109.3333,75.2,94,90,4.61
242,Alofi,NU,2021-02-03 21:14:57,-19.0595,-169.9187,77.0,94,90,6.91
243,Maniitsoq,GL,2021-02-03 21:14:58,65.4167,-52.9,2.62,76,99,7.49
244,Ust-Ordynskiy,RU,2021-02-03 21:14:58,52.805,104.7508,6.8,78,0,4.47
245,Kiunga,PG,2021-02-03 21:14:58,-6.1219,141.2906,71.71,97,100,3.56
246,Sechura,PE,2021-02-03 21:14:58,-5.5569,-80.8222,82.02,54,4,16.69
247,Reinosa,ES,2021-02-03 21:14:59,42.9996,-4.138,55.0,82,0,4.61
248,Ancud,CL,2021-02-03 21:14:59,-41.8697,-73.8203,69.8,56,0,8.05
249,Xichang,CN,2021-02-03 21:14:59,27.8964,102.2634,41.14,67,1,1.21
250,Port Macquarie,AU,2021-02-03 21:12:48,-31.4333,152.9167,70.0,99,2,3.94
251,Nyurba,RU,2021-02-03 21:15:00,63.2842,118.3319,-23.69,86,100,3.74
252,Bari Sadri,IN,2021-02-03 21:15:00,24.4167,74.4667,62.98,39,0,5.59
253,Pevek,RU,2021-02-03 21:15:01,69.7008,170.3133,-8.46,72,0,9.37
254,Green River,US,2021-02-03 21:12:58,41.5286,-109.4662,30.2,69,75,25.32
255,Ribeira Brava,PT,2021-02-03 21:15:01,32.65,-17.0667,55.0,75,80,4.0
256,Evensk,RU,2021-02-03 21:15:01,61.95,159.2333,11.41,91,100,41.99
257,High Level,CA,2021-02-03 21:15:02,58.5169,-117.136,-7.6,84,90,2.3
258,Kavieng,PG,2021-02-03 21:15:02,-2.5744,150.7967,82.69,71,89,5.17
259,Sitka,US,2021-02-03 21:15:02,57.0531,-135.33,37.4,75,90,9.22
260,Saskylakh,RU,2021-02-03 21:15:03,71.9167,114.0833,-29.94,79,66,10.58
261,Corner Brook,CA,2021-02-03 21:11:07,48.9667,-57.9484,44.6,93,90,11.5
262,Vila Franca Do Campo,PT,2021-02-03 21:12:47,37.7167,-25.4333,53.6,66,40,9.22
263,Saint-Francois,FR,2021-02-03 21:15:03,46.4154,3.9054,50.0,71,0,9.22
264,Vanimo,PG,2021-02-03 21:10:23,-2.6741,141.3028,76.3,91,100,7.58
265,Langsa,ID,2021-02-03 21:13:40,4.4683,97.9683,73.11,93,100,3.13
266,Denpasar,ID,2021-02-03 21:14:41,-8.65,115.2167,78.8,89,75,9.22
267,Kudahuvadhoo,MV,2021-02-03 21:15:05,2.6708,72.8944,80.29,83,100,18.14
268,Galle,LK,2021-02-03 21:15:05,6.0367,80.217,76.32,88,82,4.94
269,Bafia,CM,2021-02-03 21:15:06,4.75,11.2333,74.08,70,100,2.77
270,Chifeng,CN,2021-02-03 21:15:06,42.2683,118.9636,6.13,85,0,5.86
271,Birin,NP,2021-02-03 21:15:06,26.8865,88.0718,46.0,70,0,3.98
272,Deputatskiy,RU,2021-02-03 21:15:07,69.3,139.9,-21.17,89,100,3.65
273,Qaanaaq,GL,2021-02-03 21:15:07,77.484,-69.3632,-21.51,67,72,3.15
274,Quatre Cocos,MU,2021-02-03 21:15:07,-20.2078,57.7625,78.01,88,75,12.1
275,Tiznit,MA,2021-02-03 21:15:08,29.5833,-9.5,65.53,56,0,0.4
276,Mackenzie,CA,2021-02-03 21:15:04,55.2999,-123.1698,3.2,72,90,3.44
277,Noshiro,JP,2021-02-03 21:15:09,40.2039,140.0242,25.63,94,100,3.98
278,Sri Aman,MY,2021-02-03 21:15:09,1.2376,111.4621,75.2,100,100,0.56
279,Buala,SB,2021-02-03 21:15:09,-8.145,159.5921,79.65,82,100,12.57
280,Sterling,US,2021-02-03 21:15:09,39.0062,-77.4286,41.0,48,75,23.02
281,Miles City,US,2021-02-03 21:11:00,46.4083,-105.8406,24.8,74,90,14.97
282,Ndende,GA,2021-02-03 21:15:10,-2.4008,11.3581,75.72,94,100,1.32
283,Flinders,AU,2021-02-03 21:14:20,-34.5833,150.8552,72.0,80,16,4.0
284,Jardim,BR,2021-02-03 21:11:52,-21.4803,-56.1381,88.45,66,98,2.51
285,Hasaki,JP,2021-02-03 21:15:11,35.7333,140.8333,32.0,64,20,4.61
286,Tuktoyaktuk,CA,2021-02-03 21:15:11,69.4541,-133.0374,-41.8,74,20,4.61
287,Botngard,NO,2021-02-03 21:15:11,63.7653,9.8111,18.0,67,20,12.66
288,Igis,CH,2021-02-03 21:15:12,46.9453,9.5722,41.0,71,96,5.46
289,Waw,SS,2021-02-03 21:15:12,7.7029,27.9953,82.15,19,0,1.7
290,Maybole,GB,2021-02-03 21:15:12,55.355,-4.6803,35.6,93,90,12.66
291,Bukachacha,RU,2021-02-03 21:15:13,52.9833,116.9167,-23.76,82,15,0.87
292,Katsuura,JP,2021-02-03 21:15:13,35.1333,140.3,44.01,45,20,1.14
293,Hella,NO,2021-02-03 21:15:13,67.2,14.4333,16.0,73,20,9.22
294,Yumen,CN,2021-02-03 21:15:14,40.2833,97.2,25.34,70,3,17.38
295,Male,MV,2021-02-03 21:11:35,4.1748,73.5089,82.4,83,75,18.41
296,Wenzhou,CN,2021-02-03 21:15:14,27.9994,120.6668,51.01,68,22,3.22
297,Cap Malheureux,MU,2021-02-03 21:15:14,-19.9842,57.6142,78.01,81,17,3.0
298,Portland,US,2021-02-03 21:13:44,45.5234,-122.6762,45.0,76,75,6.91
299,Boende,CD,2021-02-03 21:15:15,-0.2167,20.8667,77.97,71,98,2.28
300,Port-Gentil,GA,2021-02-03 21:15:15,-0.7193,8.7815,82.4,83,40,8.05
301,Porto Nacional,BR,2021-02-03 21:15:15,-10.7081,-48.4172,77.0,88,40,2.3
302,Kysyl-Syr,RU,2021-02-03 21:15:16,63.8986,122.7617,-30.55,83,100,7.94
303,Westport,US,2021-02-03 21:15:16,41.1415,-73.3579,37.0,60,90,9.22
304,Mizque,BO,2021-02-03 21:15:16,-17.941,-65.3402,74.46,55,93,9.4
305,Vardo,NO,2021-02-03 21:15:16,70.3705,31.1107,30.2,74,40,21.85
306,Thaba-Tseka,LS,2021-02-03 21:15:17,-29.522,28.6084,52.36,89,100,0.89
307,Pisco,PE,2021-02-03 21:15:17,-13.7,-76.2167,78.8,61,0,16.11
308,Yhu,PY,2021-02-03 21:15:17,-25.05,-55.9167,80.53,92,100,3.8
309,Dawlatabad,AF,2021-02-03 21:15:18,36.4141,64.9053,44.17,70,0,4.59
310,Kuryk,KZ,2021-02-03 21:15:18,43.2,51.65,43.79,82,64,2.95
311,Bahia Blanca,AR,2021-02-03 21:12:27,-38.7196,-62.2724,79.83,25,0,16.04
312,Paamiut,GL,2021-02-03 21:15:19,61.994,-49.6678,8.73,75,0,7.49
313,Krasnyy Chikoy,RU,2021-02-03 21:15:19,50.3643,108.7512,2.5,89,100,3.51
314,Beyneu,KZ,2021-02-03 21:15:20,45.3167,55.2,41.95,74,55,8.63
315,Kaduna,NG,2021-02-03 21:14:03,10.5222,7.4383,76.12,17,0,8.79
316,Guisa,CU,2021-02-03 21:15:20,20.255,-76.5386,75.2,46,20,12.66
317,Gawler,AU,2021-02-03 21:15:21,-34.6,138.7333,72.0,41,100,5.99
318,Zhifang,CN,2021-02-03 21:15:21,30.35,114.3167,48.2,76,68,4.47
319,Provideniya,RU,2021-02-03 21:15:21,64.3833,-173.3,-8.7,83,94,14.2
320,Ahuimanu,US,2021-02-03 21:15:22,21.4447,-157.8378,69.8,78,90,21.85
321,Filadelfia,US,2021-02-03 21:15:22,39.9523,-75.1638,37.4,55,75,21.85
322,Izvestkovyy,RU,2021-02-03 21:15:22,48.9833,131.55,-25.11,83,5,4.68
323,Mandalgovi,MN,2021-02-03 21:15:22,45.7625,106.2708,11.12,77,0,17.18
324,Naze,JP,2021-02-03 21:15:23,28.3667,129.4833,51.44,68,0,5.17
325,Mae Hong Son,TH,2021-02-03 21:15:23,19.3003,97.9685,59.36,39,0,1.43
326,Labuhan,ID,2021-02-03 21:15:23,-6.8844,112.2051,77.54,86,88,10.74
327,Inta,RU,2021-02-03 21:15:24,66.0317,60.1659,5.94,95,100,10.45
328,Edd,ER,2021-02-03 21:15:24,13.9297,41.6925,76.32,49,0,17.74
329,Tecoanapa,MX,2021-02-03 21:15:24,16.5167,-98.75,83.71,61,0,11.97
330,Varadero,CU,2021-02-03 21:15:24,23.1536,-81.2514,69.8,52,20,6.91
331,Camacha,PT,2021-02-03 21:15:25,33.0833,-16.3333,57.2,82,75,18.41
332,Howard Springs,AU,2021-02-03 21:15:25,-12.497,131.047,80.6,89,75,9.22
333,Lompoc,US,2021-02-03 21:15:25,34.6391,-120.4579,62.6,59,1,18.41
334,Cockburn Town,TC,2021-02-03 21:15:25,21.4612,-71.1419,71.6,60,40,5.75
335,Breyten,ZA,2021-02-03 21:15:26,-26.3018,29.987,57.96,98,97,3.76
336,Kirakira,SB,2021-02-03 21:15:26,-10.4544,161.9205,79.23,86,100,18.68
337,Svarstad,NO,2021-02-03 21:15:26,59.399,9.9698,16.0,49,12,5.99
338,Krasnoselkup,RU,2021-02-03 21:15:27,65.7,82.4667,-4.79,92,88,6.02
339,Haines Junction,CA,2021-02-03 21:13:42,60.7522,-137.5108,-9.4,54,100,0.78
340,Xingyi,CN,2021-02-03 21:15:27,24.1877,102.817,45.39,95,0,3.38
341,Clyde River,CA,2021-02-03 21:15:27,70.4692,-68.5914,-20.2,76,75,2.3
342,Platanos,GR,2021-02-03 21:15:28,37.6667,21.6167,48.2,100,20,3.44
343,Baikunthpur,IN,2021-02-03 21:15:28,23.25,82.55,52.54,43,0,1.32
344,Pierre,US,2021-02-03 21:10:44,44.3683,-100.351,42.8,61,1,23.02
345,Vorsma,RU,2021-02-03 21:15:28,55.9856,43.2717,21.2,93,90,6.71
346,Fort-Shevchenko,KZ,2021-02-03 21:15:28,44.5086,50.263,43.3,87,33,6.49
347,Faanui,PF,2021-02-03 21:15:29,-16.4833,-151.75,81.48,72,0,11.3
348,Nanortalik,GL,2021-02-03 21:15:29,60.1432,-45.2371,17.82,79,0,16.04
349,Lamont,US,2021-02-03 21:15:30,35.2597,-118.9143,57.0,54,90,10.36
350,Erzin,TR,2021-02-03 21:15:30,36.9559,36.2,60.01,64,100,5.01
351,Shumikha,RU,2021-02-03 21:15:30,55.2261,63.2961,8.08,94,82,3.51
352,Beloha,MG,2021-02-03 21:15:30,-25.1667,45.05,78.13,67,0,12.03
353,Hue,VN,2021-02-03 21:15:30,16.4667,107.6,66.2,94,40,2.3
354,Hadishahr,AZ,2021-02-03 21:15:30,38.8431,45.6635,30.2,93,20,0.98
355,Chadan,RU,2021-02-03 21:15:31,51.2833,91.5833,2.34,89,100,0.94
356,Camaqua,BR,2021-02-03 21:10:59,-30.8511,-51.8122,81.19,83,100,8.68
357,Port Angeles,US,2021-02-03 21:14:21,48.1181,-123.4307,48.2,71,1,5.75
358,Bathurst,AU,2021-02-03 21:13:01,-33.4166,149.5806,60.01,87,1,1.01
359,Narsaq,GL,2021-02-03 21:15:32,60.9167,-46.05,15.8,53,90,11.5
360,Nome,US,2021-02-03 21:15:32,64.5011,-165.4064,-2.2,60,40,12.66
361,Vytegra,RU,2021-02-03 21:15:33,61.0064,36.4481,18.39,97,100,4.32
362,Lazaro Cardenas,MX,2021-02-03 21:15:33,17.9583,-102.2,81.73,64,31,8.19
363,Padang,ID,2021-02-03 21:15:33,-0.9492,100.3543,75.2,94,40,2.3
364,Mount Isa,AU,2021-02-03 21:15:34,-20.7333,139.5,78.8,78,15,6.91
365,Egvekinot,RU,2021-02-03 21:15:34,66.3167,-179.1667,-26.34,83,16,20.98
366,Lepaterique,HN,2021-02-03 21:15:34,14.0667,-87.4667,77.0,41,1,11.5
367,Gorontalo,ID,2021-02-03 21:15:35,0.5412,123.0595,73.8,89,100,3.96
368,Dudinka,RU,2021-02-03 21:15:35,69.4058,86.1778,-15.7,88,100,7.83
369,Thinadhoo,MV,2021-02-03 21:15:35,0.5333,72.9333,82.38,74,72,7.25
370,Atasu,KZ,2021-02-03 21:15:36,48.6814,71.6433,17.89,90,97,8.77
371,Ghanzi,BW,2021-02-03 21:15:36,-21.5667,21.7833,68.65,82,100,7.36
372,San Andres,CO,2021-02-03 21:15:37,12.5847,-81.7006,82.4,57,20,16.11
373,San Felipe,VE,2021-02-03 21:15:37,10.3399,-68.7425,82.56,65,28,8.93
374,Malanje,AO,2021-02-03 21:15:37,-9.5402,16.341,62.38,98,100,3.42
375,Paita,PE,2021-02-03 21:15:37,-5.0892,-81.1144,84.2,54,40,10.36
376,Develi,TR,2021-02-03 21:15:38,38.3906,35.4922,39.2,87,75,6.91
377,Ayna,PE,2021-02-03 21:15:38,-12.65,-73.9167,69.15,65,90,3.8
378,Rio Grande,BR,2021-02-03 21:15:38,-32.035,-52.0986,80.6,83,20,6.91
379,Madona,LV,2021-02-03 21:15:38,56.8533,26.217,14.74,97,39,4.97
380,San Roque,ES,2021-02-03 21:11:16,36.2107,-5.3842,59.0,77,75,13.8
381,Goure,NE,2021-02-03 21:15:39,13.9835,10.2704,73.99,17,7,5.99
382,Kloulklubed,PW,2021-02-03 21:15:39,7.0419,134.2556,80.6,83,75,6.91
383,Kulhudhuffushi,MV,2021-02-03 21:15:39,6.6221,73.07,81.52,69,0,7.14
384,Tatarusi,RO,2021-02-03 21:15:40,47.35,26.6,37.4,81,0,4.61
385,Bikin,RU,2021-02-03 21:15:40,46.8161,134.26,-21.24,83,9,4.07
386,Zhicheng,CN,2021-02-03 21:15:40,30.2956,111.5047,48.99,93,91,5.93
387,Necochea,AR,2021-02-03 21:15:41,-38.5473,-58.7368,72.0,61,0,4.0
388,Graaff-Reinet,ZA,2021-02-03 21:15:41,-32.2522,24.5308,70.0,71,38,5.01
389,Aberdeen,GB,2021-02-03 21:13:01,57.1437,-2.0981,37.4,75,75,11.5
390,Vilyuysk,RU,2021-02-03 21:15:41,63.7553,121.6247,-26.34,85,100,5.91
391,Alexandroupoli,GR,2021-02-03 21:15:42,40.8475,25.8744,54.0,93,95,1.01
392,Santa Rosa,PH,2021-02-03 21:15:42,14.3122,121.1114,77.0,78,20,2.3
393,Cascavel,BR,2021-02-03 21:11:26,-24.9558,-53.4553,79.54,82,44,4.05
394,Berlevag,NO,2021-02-03 21:15:43,70.8578,29.0864,28.4,93,90,31.07
395,Omsukchan,RU,2021-02-03 21:15:43,62.5333,155.8,-16.44,87,100,14.9
396,Peniche,PT,2021-02-03 21:15:44,39.3558,-9.3811,55.99,89,70,7.0
397,Nhamunda,BR,2021-02-03 21:15:44,-2.1861,-56.7131,90.48,54,46,2.28
398,Pacific Grove,US,2021-02-03 21:15:44,36.6177,-121.9166,57.0,54,1,6.91
399,Kenai,US,2021-02-03 21:15:44,60.5544,-151.2583,15.8,92,90,5.75
400,Cururupu,BR,2021-02-03 21:15:45,-1.8283,-44.8683,80.78,72,34,5.28
401,Iracoubo,GF,2021-02-03 21:15:45,5.4802,-53.2011,78.66,83,100,16.58
402,Uyuni,BO,2021-02-03 21:15:45,-20.4597,-66.825,65.28,33,97,9.19
403,Stamford,US,2021-02-03 21:13:58,41.0534,-73.5387,37.0,51,90,14.97
404,Acajutla,SV,2021-02-03 21:15:46,13.5928,-89.8275,86.0,35,0,6.62
405,Kyra,RU,2021-02-03 21:15:46,49.5776,111.9753,1.45,83,94,2.84
406,Makakilo City,US,2021-02-03 21:15:47,21.3469,-158.0858,69.8,83,90,12.66
407,Honningsvag,NO,2021-02-03 21:15:47,70.9821,25.9704,30.2,80,75,31.07
408,Mabaruma,GY,2021-02-03 21:15:47,8.2,-59.7833,77.34,91,47,5.79
409,Touros,BR,2021-02-03 21:15:48,-5.1989,-35.4608,80.6,74,40,14.97
410,Ayios Vasilios,GR,2021-02-03 21:15:48,37.8,22.8,50.79,83,0,1.74
411,San Carlos De Bariloche,AR,2021-02-03 21:15:48,-41.1456,-71.3082,89.6,10,20,4.61
412,Yinchuan,CN,2021-02-03 21:15:48,38.4681,106.2731,25.84,68,100,2.71
413,Cuxhaven,DE,2021-02-03 21:15:49,53.8718,8.6909,33.8,93,75,17.27
414,Coatesville,US,2021-02-03 21:14:06,39.9832,-75.8238,34.0,59,1,17.27
415,Lalmohan,BD,2021-02-03 21:15:50,22.3384,90.7419,64.72,51,0,8.3
416,Isangel,VU,2021-02-03 21:15:50,-19.55,169.2667,82.4,74,20,5.75
417,Khandyga,RU,2021-02-03 21:15:50,62.6667,135.6,-54.63,65,38,0.47
418,Ternuvate,UA,2021-02-03 21:15:50,47.8305,36.1276,42.8,93,75,4.47
419,Sioux Lookout,CA,2021-02-03 21:12:11,50.1001,-91.917,30.2,69,90,13.8
420,Adrar,MR,2021-02-03 21:15:51,20.5022,-10.0711,70.56,21,0,5.12
421,Noumea,NC,2021-02-03 21:15:51,-22.2763,166.4572,78.01,99,95,8.25
422,Inhambane,MZ,2021-02-03 21:15:51,-23.865,35.3833,80.17,87,98,4.47
423,Mozarlandia,BR,2021-02-03 21:11:09,-14.7447,-50.5706,86.11,65,80,3.56
424,Roma,US,2021-02-03 21:14:05,43.2128,-75.4557,27.0,68,90,13.8
425,Cabo San Lucas,MX,2021-02-03 21:15:52,22.8909,-109.9124,86.0,28,20,12.66
426,Henties Bay,NA,2021-02-03 21:15:52,-22.116,14.2845,66.99,85,98,7.34
427,Kupang,ID,2021-02-03 21:15:53,-10.1667,123.5833,77.9,86,100,13.09
428,Seshcha,RU,2021-02-03 21:15:53,53.7361,33.3387,29.46,99,100,6.76
429,Namatanai,PG,2021-02-03 21:15:53,-3.6667,152.4333,80.19,82,100,6.22
430,Hualmay,PE,2021-02-03 21:15:54,-11.0964,-77.6139,74.55,66,31,8.05
431,Palu,ID,2021-02-03 21:15:54,-0.8917,119.8707,74.95,81,93,2.35
432,Santa Vitoria Do Palmar,BR,2021-02-03 21:12:07,-33.5189,-53.3681,69.3,93,100,17.81
433,Severomuysk,RU,2021-02-03 21:15:54,56.1481,113.4267,-25.26,87,90,2.17
434,Yar-Sale,RU,2021-02-03 21:15:55,66.8333,70.8333,-2.43,92,95,8.84
435,Caravelas,BR,2021-02-03 21:15:55,-17.7125,-39.2481,78.85,78,10,7.9
436,Staraya Toropa,RU,2021-02-03 21:15:55,56.2801,31.6702,25.21,98,96,6.26
437,Kulevcha,UA,2021-02-03 21:15:56,46.0303,29.9361,39.88,89,0,6.44
438,Sann,PK,2021-02-03 21:15:56,26.0418,68.1378,57.2,82,0,6.69
439,Pringsewu,ID,2021-02-03 21:15:56,-5.3582,104.9744,72.01,93,100,2.39
440,Vestmanna,FO,2021-02-03 21:15:57,62.1564,-7.1664,32.0,80,22,4.61
441,Dalby,AU,2021-02-03 21:15:57,-27.1833,151.2667,62.6,88,0,6.91
442,Simao,CN,2021-02-03 21:15:57,22.7886,100.9748,49.73,90,0,1.16
443,Hays,US,2021-02-03 21:15:57,30.0502,-98.0336,75.0,55,0,3.0
444,Bazarnyye Mataki,RU,2021-02-03 21:15:58,54.8833,49.9333,18.52,97,94,7.56
445,Pilas,ES,2021-02-03 21:15:58,37.3034,-6.301,57.99,89,100,5.01
446,Nara,JP,2021-02-03 21:11:05,34.6851,135.8049,36.0,80,20,8.05
447,Bronnoysund,NO,2021-02-03 21:15:58,65.4625,12.1997,21.2,68,0,23.02
448,Ugoofaaru,MV,2021-02-03 21:15:59,5.6667,73.0,81.16,74,70,10.87
449,Oum Hadjer,TD,2021-02-03 21:15:59,13.2954,19.6966,76.6,17,0,12.53
450,Indramayu,ID,2021-02-03 21:15:59,-6.3264,108.32,77.79,86,100,16.02
451,Asau,RO,2021-02-03 21:15:59,46.4333,26.4,37.4,100,90,9.22
452,Arman,RU,2021-02-03 21:16:00,59.7,150.1667,-2.92,80,99,18.9
453,Taseyevo,RU,2021-02-03 21:16:00,57.2169,94.8978,13.48,95,99,7.11
454,Sorland,NO,2021-02-03 21:16:00,67.667,12.6934,19.4,86,40,2.3
455,Dzaoudzi,YT,2021-02-03 21:16:01,-12.7887,45.2699,78.8,89,0,3.44
456,Nichinan,JP,2021-02-03 21:16:01,31.6,131.3667,35.6,80,40,6.91
457,Sabha,LY,2021-02-03 21:16:01,27.0377,14.4283,54.34,44,0,7.34
458,Tommot,RU,2021-02-03 21:16:01,58.9564,126.2925,-26.36,81,100,2.57
459,Almaznyy,RU,2021-02-03 21:16:02,48.0448,40.045,46.4,93,40,4.47
460,Coihueco,CL,2021-02-03 21:16:02,-36.6167,-71.8333,93.2,18,0,8.05
461,Geraldton,AU,2021-02-03 21:16:02,-28.7667,114.6,69.8,68,40,23.02
462,Okhotsk,RU,2021-02-03 21:16:02,59.3833,143.3,-19.7,75,100,26.96
463,Barsovo,RU,2021-02-03 21:16:03,61.1667,73.1667,6.8,85,0,8.95
464,Payakumbuh,ID,2021-02-03 21:16:03,-0.2202,100.6308,69.87,91,100,1.25
465,Ulladulla,AU,2021-02-03 21:16:03,-35.35,150.4667,72.0,100,0,5.7
466,Lesnoy,RU,2021-02-03 21:16:03,57.6198,63.0784,1.54,93,0,5.68
467,Bharatpur,IN,2021-02-03 21:16:03,27.2167,77.4833,57.87,56,34,5.28
468,Tautira,PF,2021-02-03 21:16:03,-17.7333,-149.15,78.8,83,40,14.97
469,Eureka,US,2021-02-03 21:16:04,40.8021,-124.1637,52.0,65,31,7.0
470,Bourail,NC,2021-02-03 21:16:04,-21.5667,165.4833,77.86,85,77,9.62
471,Nhulunbuy,AU,2021-02-03 21:16:04,-12.2333,136.7667,78.8,89,100,4.61
472,Byumba,RW,2021-02-03 21:16:05,-1.5763,30.0675,69.8,64,75,2.3
473,Venado Tuerto,AR,2021-02-03 21:16:05,-33.7456,-61.9688,79.0,65,21,8.99
474,Villa Florida,PY,2021-02-03 21:16:05,-26.3833,-57.15,81.72,84,94,7.83
475,Lanzhou,CN,2021-02-03 21:16:06,36.0564,103.7922,30.99,38,100,0.63
476,Hervey Bay,AU,2021-02-03 21:16:06,-25.2986,152.8535,73.0,86,5,3.0
477,Mochudi,BW,2021-02-03 21:16:06,-24.4167,26.15,69.8,94,75,4.61
478,Bousse,BF,2021-02-03 21:16:07,12.6606,-1.8922,78.8,19,0,2.3
479,Anapskaya,RU,2021-02-03 21:16:07,44.89,37.38,50.0,66,99,6.71
480,Gogapur,IN,2021-02-03 21:16:07,23.55,75.5167,63.28,34,0,4.79
481,Kirensk,RU,2021-02-03 21:16:08,57.7853,108.1119,2.16,92,100,6.51
482,Fenyi,CN,2021-02-03 21:16:08,27.8112,114.6681,55.15,91,100,4.85
483,Kalabo,ZM,2021-02-03 21:16:08,-14.97,22.6814,67.93,91,99,7.7
484,Shache,CN,2021-02-03 21:16:09,38.4167,77.2406,26.51,82,0,1.5
485,Azle,US,2021-02-03 21:12:17,32.8951,-97.5459,72.0,43,1,23.02
486,Selizharovo,RU,2021-02-03 21:16:10,56.8519,33.4487,20.53,98,96,6.11
487,Port Hedland,AU,2021-02-03 21:16:10,-20.3167,118.5667,80.6,83,40,8.05
488,Palmer,US,2021-02-03 21:16:10,42.1584,-72.3287,35.01,60,75,12.66
489,Lata,PT,2021-02-03 21:13:16,40.1629,-8.3327,55.99,86,65,1.99
490,Shubarshi,KZ,2021-02-03 21:16:11,48.5872,57.1869,28.13,96,100,7.4
491,Olafsvik,IS,2021-02-03 21:16:11,64.8945,-23.7142,36.93,79,100,27.36
492,Ossora,RU,2021-02-03 21:16:11,59.2353,163.0719,21.49,91,40,17.43
493,Conde,BR,2021-02-03 21:16:11,-7.2597,-34.9075,80.6,78,40,12.66
494,Mandera,KE,2021-02-03 21:16:12,3.9366,41.867,76.5,24,7,4.29
495,Chara,RU,2021-02-03 21:16:12,56.9064,118.2631,-30.37,66,20,0.76
496,Skarzysko-Kamienna,PL,2021-02-03 21:16:12,51.1131,20.8716,37.99,80,100,9.08
497,Changde,CN,2021-02-03 21:16:13,29.0464,111.6783,51.22,79,100,2.98
498,Nanakuli,US,2021-02-03 21:16:13,21.3906,-158.1547,69.8,83,90,12.66
499,Hvide Sande,DK,2021-02-03 21:15:42,56.0045,8.1294,30.0,85,100,7.0
500,Qandala,SO,2021-02-03 21:16:14,11.472,49.8728,72.34,51,0,4.63
501,Timra,SE,2021-02-03 21:16:14,62.487,17.3257,12.99,79,40,13.8
502,Goodlettsville,US,2021-02-03 21:15:44,36.3231,-86.7133,45.0,44,4,3.0
503,Santa Cruz Cabralia,BR,2021-02-03 21:12:43,-16.2781,-39.0247,78.8,73,0,9.22
504,Laranja Da Terra,BR,2021-02-03 21:16:15,-19.8989,-41.0567,78.57,74,11,5.3
505,Angoche,MZ,2021-02-03 21:16:15,-16.2325,39.9086,80.17,82,79,0.85
506,Acapulco,MX,2021-02-03 21:12:26,16.8634,-99.8901,84.2,74,40,9.22
507,Sulphur,US,2021-02-03 21:16:16,30.2366,-93.3774,64.4,32,1,10.36
508,Sohag,EG,2021-02-03 21:16:16,26.557,31.6948,62.6,39,40,11.5
509,Tura,IN,2021-02-03 21:16:16,25.5198,90.2201,58.57,59,0,3.13
510,Mitsamiouli,KM,2021-02-03 21:16:17,-11.3847,43.2844,83.03,69,91,4.43
511,Doha,QA,2021-02-03 21:12:01,25.2867,51.5333,64.4,72,0,4.61
512,Bukavu,CD,2021-02-03 21:16:17,-2.5083,28.8608,63.0,82,100,0.18
513,Te Anau,NZ,2021-02-03 21:16:18,-45.4167,167.7167,52.02,69,66,1.77
514,Oktyabrskoye,RU,2021-02-03 21:16:18,43.0645,44.7417,32.0,86,95,6.71
515,Isilkul,RU,2021-02-03 21:16:18,54.9109,71.2728,6.75,93,0,7.67
516,Kununurra,AU,2021-02-03 21:16:08,-15.7667,128.7333,80.6,100,93,4.36
517,Belaya Gora,RU,2021-02-03 21:16:19,68.5333,146.4167,-19.48,88,100,3.47
518,Souillac,MU,2021-02-03 21:16:19,-20.5167,57.5167,75.2,88,75,11.59
519,Pasighat,IN,2021-02-03 21:16:19,28.0667,95.3333,60.39,41,75,3.06
520,Fairbanks,US,2021-02-03 21:15:36,64.8378,-147.7164,-9.4,70,90,5.75
521,Hun,LY,2021-02-03 21:16:20,29.1268,15.9477,53.01,63,0,4.5
522,Penzance,GB,2021-02-03 21:16:20,50.1186,-5.5371,48.2,2,75,13.8
523,Huanren,CN,2021-02-03 21:16:21,41.2647,125.3667,-1.41,85,0,1.28
524,Moron,AR,2021-02-03 21:16:21,-34.6534,-58.6198,78.01,62,63,5.99
525,Imbituba,BR,2021-02-03 21:13:18,-28.24,-48.6703,82.4,83,75,10.36
526,Fuerte Olimpo,PY,2021-02-03 21:16:21,-21.0415,-57.8738,95.32,46,96,2.17
527,Sao Felix Do Xingu,BR,2021-02-03 21:16:22,-6.6447,-51.995,81.95,83,96,1.5
528,Easton,US,2021-02-03 21:12:06,40.6884,-75.2207,34.0,59,90,18.41
529,Espanola,US,2021-02-03 21:15:43,35.9911,-106.0806,60.01,41,40,14.97
530,Kommunar,RU,2021-02-03 21:16:22,59.6206,30.39,17.6,93,75,13.42
531,Havelock,US,2021-02-03 21:13:43,34.8791,-76.9013,50.0,25,1,19.57
532,Ambon,ID,2021-02-03 21:14:24,-3.6954,128.1814,81.55,79,68,12.97
533,Copiapo,CL,2021-02-03 21:16:23,-27.3667,-70.3333,66.2,68,20,11.5
534,Nurota,UZ,2021-02-03 21:16:24,40.5614,65.6886,39.2,87,0,11.5
535,Batemans Bay,AU,2021-02-03 21:16:24,-35.7167,150.1833,70.0,76,27,1.01
536,Windhoek,NA,2021-02-03 21:16:24,-22.5594,17.0832,73.99,46,96,8.3
537,Iralaya,HN,2021-02-03 21:16:24,15.0,-83.2333,80.6,63,40,5.75
538,Gilbues,BR,2021-02-03 21:16:25,-9.8317,-45.3439,85.77,52,60,2.46
539,Alice Springs,AU,2021-02-03 21:16:25,-23.7,133.8833,71.6,23,45,8.9
540,Lagoa,PT,2021-02-03 21:16:25,39.05,-27.9833,54.28,65,37,30.74
541,Aripuana,BR,2021-02-03 21:16:26,-9.1667,-60.6333,87.49,67,58,1.68
542,Aykhal,RU,2021-02-03 21:16:26,66.0,111.5,-23.75,83,100,0.85
543,Kholtoson,RU,2021-02-03 21:16:26,50.2981,103.3097,6.84,84,39,5.95
544,Carlisle,US,2021-02-03 21:16:26,40.2015,-77.1889,39.0,57,98,10.0
545,Privolzhye,RU,2021-02-03 21:16:27,52.8649,48.6044,30.02,99,100,3.04
546,Neuquen,AR,2021-02-03 21:16:27,-38.9516,-68.0591,93.2,21,0,4.61
547,Svetlyy,RU,2021-02-03 21:12:22,54.675,20.1347,30.2,74,0,11.18
548,Tigre,AR,2021-02-03 21:11:58,-34.426,-58.5796,77.0,78,75,9.22
549,Morristown,US,2021-02-03 21:12:32,36.214,-83.2949,42.01,38,1,5.77
550,Cairns,AU,2021-02-03 21:13:49,-16.9167,145.7667,73.4,94,89,4.61
551,Lithakia,GR,2021-02-03 21:16:29,37.7167,20.8333,48.2,100,20,3.44
552,Mbini,GQ,2021-02-03 21:16:30,1.574,9.6134,80.6,100,40,4.43
553,Muros,ES,2021-02-03 21:16:30,42.7762,-9.0603,55.99,72,24,21.0
554,Galesong,ID,2021-02-03 21:16:31,-5.3166,119.3661,75.2,100,40,4.61
555,Umm Kaddadah,SD,2021-02-03 21:16:31,13.6017,26.6876,79.86,16,0,14.74
556,Williams Lake,CA,2021-02-03 21:15:10,52.1415,-122.1445,17.6,86,90,5.75
557,Tadine,NC,2021-02-03 21:16:32,-21.55,167.8833,79.72,82,66,19.48
558,Havoysund,NO,2021-02-03 21:16:32,70.9963,24.6622,30.2,80,75,31.07
559,Sao Filipe,CV,2021-02-03 21:16:32,14.8961,-24.4956,72.12,79,63,9.91
560,College,US,2021-02-03 21:16:32,64.8569,-147.8028,-9.4,64,90,6.91
561,Hambantota,LK,2021-02-03 21:16:33,6.1241,81.1185,76.6,75,100,18.95
562,Muli,MV,2021-02-03 21:16:33,2.9167,73.5667,81.68,79,100,20.92
563,Anaconda,US,2021-02-03 21:16:33,46.1285,-112.9423,30.2,59,20,8.05
564,Sulangan,PH,2021-02-03 21:16:33,11.1373,123.7228,80.62,79,99,21.36
565,Yelizovo,RU,2021-02-03 21:16:34,53.1873,158.3805,17.6,62,100,6.71
566,Cabinda,AO,2021-02-03 21:16:34,-5.55,12.2,80.2,85,100,7.81
567,Marsaxlokk,MT,2021-02-03 21:16:35,35.8419,14.5431,57.0,88,75,4.61
